aug_note,aug_page,aug_section,augmentation,author_discusses_leakage,citation,dataset_page,dataset_section,doi,headline,headline_level,headline_page,headline_section,headline_value,id,in_counts,notes,participant_disjoint_analysis,sel_page,sel_section,selection,split_note,split_page,split_primary,split_section,year,pd_subset_page,pd_subset_section
"5 synthetic per image (2,735)",9,Section 4.1,applied; timing not reported,no,"Carette et al., HEALTHINF 2019",9,Section 3,10.5220/0007402601030112,ROC-AUC ~0.92 (narrative: '~92.0%' performance),image,13,Figure 6; Section 5.1,0.92,Carette2019,yes,metric label ambiguous (accuracy vs AUC),none,13,Section 5.1,fixed epochs; selection not described,,1–20,not reported,Entire PDF; Section 5.1 on PDF p. 13,2019,,
"2,735 synthetic",5,Data Preprocessing and Augmentation,applied; timing not reported,no,"Cilia et al., JMIR Hum Factors 2021",5,Data collection,10.2196/27706,~90% (headline) vs ~71% (participant split); metric label ambiguous,not stated,7,Figure 4 and accompanying text,0.9,Cilia2021,yes,,"full image set, participant-level (secondary experiment; ~71%)",6,Classification experiments,20% validation; fixed epochs; selection not described,headline (~90%) experiment: split unit not stated,6,not reported,Participant split experiment,2021,,
class-specific VAEs (30% validation),10,Section 6.3,generated images added to training only; generator-fitting scope not reported,no,"Elbattah et al., J Imaging 2021",7,Section 5,10.3390/jimaging7050083,ROC-AUC 0.71 -> 0.76; accuracy 67% -> 70% (VAE augmentation),image,11,Table 2,0.76,Elbattah2021VAE,yes,,none,11,Section 6.3,fixed epochs; selection not described,,10,not reported,Section 6.3,2021,,
,6,Section 5.2,train-only after split (explicit),no,"Elbattah et al., BIOSTEC 2022",4,Section 4.1,10.5220/0010975500003123,ROC-AUC ~0.78 (VGG-16),not stated,6,Section 5.4,0.78,Elbattah2022TL,yes,,full image set (primary),5–7,Sections 5–6,not reported,,5,participant-level (explicit),Section 5.2,2022,,
rotations; CV performed on augmented stack,13,Steps 5–6,applied; timing not reported,"yes (possible data contamination, PDF p.15)","Kanhirakadavath & Chandran, Diagnostics 2022",4,Section 2,10.3390/diagnostics12020518,ROC-AUC 0.970 (augmented) vs 0.786 (original),image,15,Section 4; Tables 5–6,0.97,Kanhirakadavath2022,yes,Table 6 labels the 72.88 subset value as AUC while the text calls it accuracy,"subset only: one image per participant (59 images, LOOCV; 72.88%)",15,Section 4,architectures varied 'to obtain the best results'; selection data not reported,split described only in image counts (382/165 images),11,not reported,Step 2,2022,14,Final step; LOOCV subset
internal validation contamination not excluded,19,Section 4.4; Table 5,"after test hold-out, applied to pooled train+validation",no,"Ahmed et al., Electronics 2022",14,Section 4.1,10.3390/electronics11040530,99.8% accuracy (FFNN/ANN),image,1,Abstract,0.998,AhmedIA2022,yes,"text (ASD x7, TD x10) and Table 5 (ASD x10, TD x7) disagree",none,19,Table 6,validation subset; fixed max epochs; selection not described,80% train+validation / 20% test (image counts),14,not reported,Section 4.1,2022,,
,1–19,Entire PDF; Sections 2–3,not reported,no,"Thanarajan et al., CMC 2023",10,Section 3,10.32604/cmc.2023.039644,"99.29% (balanced accuracy, 80:20)",image,10,Section 3,0.9929,Thanarajan2023,yes,,none,8,Section 2.2,optimiser fitness based on accuracy; data used not reported,80:20 and 70:30 hold-out,10,not reported,Section 3,2023,,
x4; results reported on augmented data,6,Section 3.1,applied; timing not reported,no,"Islam et al., arXiv 2401.03575 (2024; preprint)",6,Section 3.1,arXiv:2401.03575,"99.43% accuracy (Dataset 1, augmented)",image,12,Tables 3–4; Section 4.4,0.9943,Islam2024,yes,preprint,none,9,Section 4.2,epoch count described as 'optimal'; data used not reported,random 80:10:10,7,not reported,Section 3.1,2024,,
,15,Section 4.1,none,no,"Alsaidi et al., Information 2024",7,Section 3.1,10.3390/info15030133,95.59% accuracy,image,15,Section 4.2 / Table 2,0.9559,Alsaidi2024,yes,reported sensitivity/specificity (<80%) inconsistent with 95.59% accuracy,none,15,Section 4.2,configurations compared on the reported evaluation results; separate validation not reported,75:25 hold-out (image counts),15,not reported,Section 4.1,2024,,
,4,"Section 3.2, Splitting Data / Data Augmentation",train-only after split (explicit),no,"Alsharif et al., Front Med 2024",4,Section 3.1,10.3389/fmed.2024.1436646,100% accuracy (MobileNet),image,12,Section 4,1.0,Alsharif2024,yes,,none,8,Table 3,validation set; fixed epochs; selection not described,train/validation/test,4,not reported,Section 3.2,2024,,
,8,Section 5.1,train-only after split (explicit),no,"Gawish et al., IJCESEN 2025",8,Section 5.1,10.22399/ijcesen.3900,98.4% accuracy,image,8,Section 5.2.4,0.984,Gawish2025,yes,,none,8,"Sections 5.1, 5.2.4",variant chosen as 'best performing model'; criterion/data not reported,split described only in image batches (70-20-10),8,not reported,Section 5.1,2025,,
,1–12,Entire PDF,not reported,no,"Kaloforidis et al., Eng Proc 2025",3,Section 3,10.3390/engproc2025107012,ROC-AUC 0.88 (ConvRF),image,7,Table 6,0.88,Kaloforidis2025,yes,,none,5,Section 5.2,grid search with 5-fold CV; nested outer evaluation not reported,5-fold CV,5,not reported,Section 5.2,2025,,
used in contrastive pre-training,4,Section 3.2,applied; timing not reported,no,"Mousli et al., Multimedia Systems 2025",6,"Section 4.1, Dataset 1",10.1007/s00530-025-01885-4,F1 0.621 / accuracy 0.697 (full data); F1 0.725 (200-shot),image,8,"Table 2, Dataset 1 ConASD rows",0.697,Mousli2025,yes,,none,7,Section 4.2,architecture chosen from reported results (Table 1); validation role not reported,70/20/10,7,not reported,Section 4.2,2025,,
,8,Section 3.1,train-only after split (explicit),"yes (image-level split may leak, PDF p.19)","Ahmed et al., MAKE 2026",3,Section 2,10.3390/make8070176,98.18% accuracy; ROC-AUC 0.9959,image,1,Abstract,0.9818,AhmedM2026,yes,,none,12,Section 3.3,validation-based (ensemble weights); fixed epochs,,8,image-level (explicit),Section 3.1,2026,,
primary pipeline without augmentation; train-fold rotation only in a sensitivity analysis,14,Section 2.4.3 (primary repeated evaluation),none,yes (critiques prior studies),"Zhang et al., J Eye Mov Res 2026",5,Section 2.1,10.3390/jemr19040085,participant-level accuracy 0.870; ROC-AUC 0.937 (pooled),participant,19,Section 3.6; Table 7,0.937,Zhang2026,yes,no comparison of alternative evaluation protocols in main text or supplement,full image set (primary),14,Section 2.4.3 (primary repeated evaluation),fixed configuration and final epoch; outer-test selection explicitly excluded,,13,participant-level (explicit),Section 2.4.3,2026,,
,7,Section 3.2,applied; timing not reported,no,"Jaradat et al., Diagnostics 2025",4,Section 3.1,10.3390/diagnostics15010066,~98.0% accuracy,image,14,Table 4 and preceding narrative,0.98,Jaradat2025,no,"EXCLUDED: own analytic sample reported as 534 images (215 ASD / 319 non-ASD), not the 547-image release",none,14,Section 5; Tables 6–8,k reported as best on test metrics,80/20; 5-fold,9,not reported,Section 3.3,2025,,
